Cell.type	ID	Description	GeneRatio	BgRatio	pvalue	p.adjust	qvalue	geneID	Count
Tconv	GO:0051607	defense response to virus	14/72	210/16584	2.761725358094673e-13	2.0271064128414902e-10	1.783493165464297e-10	Rtp4/Eif2ak2/Oas2/Irf7/Oas1k/Isg15/Ifit3/Oas3/Ifit2/Aim2/Ddx58/Phb/Mmp12/Ifih1	14
Tconv	GO:0140546	defense response to symbiont	14/72	210/16584	2.761725358094673e-13	2.0271064128414902e-10	1.783493165464297e-10	Rtp4/Eif2ak2/Oas2/Irf7/Oas1k/Isg15/Ifit3/Oas3/Ifit2/Aim2/Ddx58/Phb/Mmp12/Ifih1	14
Tconv	GO:0009615	response to virus	15/72	287/16584	1.2384776490502596e-12	6.060283962685937e-10	5.33197219433217e-10	Rtp4/Eif2ak2/Oas2/Irf7/Oas1k/Isg15/Ifit3/Oas3/Ifit2/Aim2/Flt3/Ddx58/Phb/Mmp12/Ifih1	15
Tconv	GO:0032727	positive regulation of interferon-alpha production	5/72	23/16584	4.2410541745970526e-8	1.556466882077118e-5	1.3694140716396271e-5	Irf7/Flt3/Ddx58/Mmp12/Ifih1	5
Tconv	GO:0032607	interferon-alpha production	5/72	27/16584	1.0038796421112532e-7	2.456158857698866e-5	2.160983019071066e-5	Irf7/Flt3/Ddx58/Mmp12/Ifih1	5
Tconv	GO:0032647	regulation of interferon-alpha production	5/72	27/16584	1.0038796421112532e-7	2.456158857698866e-5	2.160983019071066e-5	Irf7/Flt3/Ddx58/Mmp12/Ifih1	5
Tconv	GO:0002460	adaptive immune response based on somatic recombination of immune receptors built from immunoglobulin superfamily domains	10/72	283/16584	3.7702112809128367e-7	7.906671657685778e-5	6.956465025082783e-5	Irf7/RT1-EC2/RT1-N2/Cr2/C2/Cfb/RT1-CE4/Ccr2/Phb/Lilrb4	10
Tconv	GO:0050778	positive regulation of immune response	12/72	480/16584	9.565793375691223e-7	1.7553230844393394e-4	1.5443721673648856e-4	Irf7/RT1-EC2/RT1-N2/Cr2/C2/Cfb/Aim2/RT1-CE4/Ccr2/Phb/Mmp12/Lilrb4	12
Tconv	GO:0002449	lymphocyte mediated immunity	9/72	270/16584	2.444286533795748e-6	3.955126658510727e-4	3.4798081241880553e-4	Irf7/RT1-EC2/RT1-N2/Cr2/C2/Cfb/RT1-CE4/Ccr2/Lilrb4	9
Tconv	GO:0032481	positive regulation of type I interferon production	5/72	51/16584	2.6942279690127564e-6	3.955126658510727e-4	3.4798081241880553e-4	Irf7/Flt3/Ddx58/Mmp12/Ifih1	5
Tconv	GO:0060760	positive regulation of response to cytokine stimulus	5/72	53/16584	3.2692697603967157e-6	4.3629890984203445e-4	3.838654541633273e-4	Irf7/Hspa1a/Ddx58/Mmp12/Ifih1	5
Tconv	GO:0002250	adaptive immune response	10/72	366/16584	3.850962312980768e-6	4.711010562879806e-4	4.1448515421293005e-4	Irf7/RT1-EC2/RT1-N2/Cr2/C2/Cfb/RT1-CE4/Ccr2/Phb/Lilrb4	10
Tconv	GO:0002443	leukocyte mediated immunity	10/72	370/16584	4.2402871359835004e-6	4.7882627043259837e-4	4.2128196889487895e-4	Irf7/RT1-EC2/RT1-N2/Cr2/C2/Cfb/RT1-CE4/Ddx58/Ccr2/Lilrb4	10
Tconv	GO:0098586	cellular response to virus	5/72	59/16584	5.58948105816635e-6	5.86097013813443e-4	5.15661147245873e-4	Flt3/Ddx58/Phb/Mmp12/Ifih1	5
Tconv	GO:0002697	regulation of immune effector process	10/72	398/16584	8.057487780864807e-6	7.885594708206357e-4	6.937921057628855e-4	RT1-EC2/RT1-N2/Aim2/RT1-CE4/Ddx58/Ccr2/Phb/Mmp12/Mzb1/Lilrb4	10
Tconv	GO:0060700	regulation of ribonuclease activity	3/72	11/16584	1.2627840461428082e-5	0.0011586043623360266	0.0010193658056692275	Oas2/Oas3/Hspa1a	3
Tconv	GO:0045071	negative regulation of viral genome replication	4/72	38/16584	2.1558847901844462e-5	0.0017083544846223677	0.0015030481518941957	Eif2ak2/Oas2/Isg15/Oas3	4
Tconv	GO:0032479	regulation of type I interferon production	5/72	78/16584	2.211085504620231e-5	0.0017083544846223677	0.0015030481518941957	Irf7/Flt3/Ddx58/Mmp12/Ifih1	5
Tconv	GO:0032606	type I interferon production	5/72	78/16584	2.211085504620231e-5	0.0017083544846223677	0.0015030481518941957	Irf7/Flt3/Ddx58/Mmp12/Ifih1	5
Tconv	GO:0002753	cytoplasmic pattern recognition receptor signaling pathway	4/72	42/16584	3.226534900783841e-5	0.0023682766171753394	0.0020836622754009325	Hspa1a/Ddx58/Phb/Ifih1	4
Tconv	GO:0034340	response to type I interferon	4/72	44/16584	3.887658925343069e-5	0.0026740308152330204	0.002352671597799309	Oas2/Irf7/Isg15/Mmp12	4
Tconv	GO:0019221	cytokine-mediated signaling pathway	9/72	385/16584	4.174565300752393e-5	0.0026740308152330204	0.002352671597799309	Oas2/Irf7/Cxcr5/Hspa1a/Aim2/Flt3/Ccr2/Mmp12/Lilrb4	9
Tconv	GO:0002709	regulation of T cell mediated immunity	5/72	89/16584	4.18955781678198e-5	0.0026740308152330204	0.002352671597799309	RT1-EC2/RT1-N2/RT1-CE4/Ccr2/Lilrb4	5
Tconv	GO:0006959	humoral immune response	7/72	228/16584	5.839928162484234e-5	0.0035720893927195228	0.0031428034453369097	Cr2/C2/Cfb/Np4/Ccr2/Phb/S100a9	7
Tconv	GO:0019079	viral genome replication	5/72	97/16584	6.332364258152993e-5	0.0037183642923874372	0.003271499345159462	Eif2ak2/Oas2/Isg15/Oas3/Phb	5
Tconv	GO:0006956	complement activation	4/72	52/16584	7.552657238554519e-5	0.0041064077134066795	0.0036129085503728638	Cr2/C2/Cfb/Phb	4
Tconv	GO:0043277	apoptotic cell clearance	4/72	52/16584	7.552657238554519e-5	0.0041064077134066795	0.0036129085503728638	C2/Timd4/Ccr2/Mfge8	4
Tconv	GO:0002699	positive regulation of immune effector process	7/72	245/16584	9.173090605102122e-5	0.004809320360103541	0.004231346681376054	RT1-EC2/RT1-N2/RT1-CE4/Ddx58/Ccr2/Phb/Mzb1	7
Tconv	GO:0001819	positive regulation of cytokine production	9/72	434/16584	1.0475128189854185e-4	0.005302582131967566	0.004665329324483152	Eif2ak2/Irf7/Hspa1a/Aim2/Flt3/Ddx58/Ccr2/Mmp12/Ifih1	9
Tconv	GO:0002486	antigen processing and presentation of endogenous peptide antigen via MHC class I via ER pathway, TAP-independent	3/72	22/16584	1.1388434538457326e-4	0.0055727406341517845	0.004903020764451627	RT1-EC2/RT1-N2/RT1-CE4	3
Tconv	GO:0002476	antigen processing and presentation of endogenous peptide antigen via MHC class Ib	3/72	23/16584	1.3055950367314563e-4	0.005901625030234596	0.005192380547897496	RT1-EC2/RT1-N2/RT1-CE4	3
Tconv	GO:0002484	antigen processing and presentation of endogenous peptide antigen via MHC class I via ER pathway	3/72	23/16584	1.3055950367314563e-4	0.005901625030234596	0.005192380547897496	RT1-EC2/RT1-N2/RT1-CE4	3
Tconv	GO:0002456	T cell mediated immunity	5/72	116/16584	1.478592930169063e-4	0.005901625030234596	0.005192380547897496	RT1-EC2/RT1-N2/RT1-CE4/Ccr2/Lilrb4	5
Tconv	GO:0002428	antigen processing and presentation of peptide antigen via MHC class Ib	3/72	24/16584	1.4874667991735698e-4	0.005901625030234596	0.005192380547897496	RT1-EC2/RT1-N2/RT1-CE4	3
Tconv	GO:0032069	regulation of nuclease activity	3/72	24/16584	1.4874667991735698e-4	0.005901625030234596	0.005192380547897496	Oas2/Oas3/Hspa1a	3
Tconv	GO:0035455	response to interferon-alpha	3/72	24/16584	1.4874667991735698e-4	0.005901625030234596	0.005192380547897496	Eif2ak2/Ifit3/Ifit2	3
Tconv	GO:0039528	cytoplasmic pattern recognition receptor signaling pathway in response to virus	3/72	24/16584	1.4874667991735698e-4	0.005901625030234596	0.005192380547897496	Ddx58/Phb/Ifih1	3
Tconv	GO:0002819	regulation of adaptive immune response	6/72	188/16584	1.6457352096228562e-4	0.006357734967700928	0.0055936761833995695	Irf7/RT1-EC2/RT1-N2/RT1-CE4/Ccr2/Lilrb4	6
Tconv	GO:0045069	regulation of viral genome replication	4/72	65/16584	1.8101795815634344e-4	0.00681370160444903	0.0059948457397525886	Eif2ak2/Oas2/Isg15/Oas3	4
Tconv	GO:0060759	regulation of response to cytokine stimulus	5/72	122/16584	1.872864884089705e-4	0.0068734141246092175	0.006047382138889653	Irf7/Hspa1a/Ddx58/Mmp12/Ifih1	5
Tconv	GO:1901224	positive regulation of NIK/NF-kappaB signaling	4/72	67/16584	2.0359614675813262e-4	0.007289735205876553	0.00641367065653989	Eif2ak2/Ptp4a3/Phb/Edaradd	4
Tconv	GO:0002475	antigen processing and presentation via MHC class Ib	3/72	27/16584	2.1296317620269473e-4	0.007443570063465615	0.006549017974955049	RT1-EC2/RT1-N2/RT1-CE4	3
Tconv	GO:0019885	antigen processing and presentation of endogenous peptide antigen via MHC class I	3/72	30/16584	2.9285225261628956e-4	0.00999783969397007	0.008796321027177168	RT1-EC2/RT1-N2/RT1-CE4	3
Tconv	GO:0035458	cellular response to interferon-beta	3/72	31/16584	3.2322180010306735e-4	0.010783854603438702	0.009487874371446497	Ifit3/RGD1559575/Aim2	3
Tconv	GO:0002483	antigen processing and presentation of endogenous peptide antigen	3/72	32/16584	3.5555047527588294e-4	0.01159884661566658	0.010204922413181482	RT1-EC2/RT1-N2/RT1-CE4	3
Tconv	GO:0048525	negative regulation of viral process	4/72	80/16584	4.026449483478149e-4	0.012849625742925919	0.011305385620658326	Eif2ak2/Oas2/Isg15/Oas3	4
Tconv	GO:0019883	antigen processing and presentation of endogenous antigen	3/72	34/16584	4.262939073593662e-4	0.013037488666740616	0.011470671586182944	RT1-EC2/RT1-N2/RT1-CE4	3
Tconv	GO:0032728	positive regulation of interferon-beta production	3/72	34/16584	4.262939073593662e-4	0.013037488666740616	0.011470671586182944	Irf7/Ddx58/Ifih1	3
Tconv	GO:0002221	pattern recognition receptor signaling pathway	5/72	147/16584	4.4371186647922085e-4	0.013293245305948902	0.011695691947798152	Irf7/Hspa1a/Ddx58/Phb/Ifih1	5
Tconv	GO:0001916	positive regulation of T cell mediated cytotoxicity	3/72	38/16584	5.935437476692042e-4	0.017426444431567836	0.01533217217663397	RT1-EC2/RT1-N2/RT1-CE4	3
Tconv	GO:0060337	type I interferon signaling pathway	3/72	39/16584	6.410103820695958e-4	0.017805077725621104	0.015665302143508596	Oas2/Irf7/Mmp12	3
Tconv	GO:0071357	cellular response to type I interferon	3/72	39/16584	6.410103820695958e-4	0.017805077725621104	0.015665302143508596	Oas2/Irf7/Mmp12	3
Tconv	GO:0002703	regulation of leukocyte mediated immunity	6/72	245/16584	6.767745632369441e-4	0.017805077725621104	0.015665302143508596	RT1-EC2/RT1-N2/RT1-CE4/Ddx58/Ccr2/Lilrb4	6
Tconv	GO:0002474	antigen processing and presentation of peptide antigen via MHC class I	3/72	40/16584	6.908341231636709e-4	0.017805077725621104	0.015665302143508596	RT1-EC2/RT1-N2/RT1-CE4	3
Tconv	GO:0035456	response to interferon-beta	3/72	40/16584	6.908341231636709e-4	0.017805077725621104	0.015665302143508596	Ifit3/RGD1559575/Aim2	3
Tconv	GO:0050691	regulation of defense response to virus by host	3/72	40/16584	6.908341231636709e-4	0.017805077725621104	0.015665302143508596	Aim2/Ddx58/Mmp12	3
Tconv	GO:0031349	positive regulation of defense response	6/72	246/16584	6.913415738149883e-4	0.017805077725621104	0.015665302143508596	Irf7/Ldlr/Aim2/Ccr2/Mmp12/S100a9	6
Tconv	GO:1901222	regulation of NIK/NF-kappaB signaling	4/72	95/16584	7.717860945622149e-4	0.019534172186505716	0.01718659778634914	Eif2ak2/Ptp4a3/Phb/Edaradd	4
Tconv	GO:0043330	response to exogenous dsRNA	3/72	42/16584	7.97738051507866e-4	0.019681858828228024	0.01731653576813121	Eif2ak2/Ddx58/Ifih1	3
Tconv	GO:0140374	antiviral innate immune response	2/72	10/16584	8.178429077124724e-4	0.019681858828228024	0.01731653576813121	Ddx58/Phb	2
Tconv	GO:0150172	regulation of phosphatidylcholine metabolic process	2/72	10/16584	8.178429077124724e-4	0.019681858828228024	0.01731653576813121	Apoc1/Ldlr	2
Tconv	GO:0002822	regulation of adaptive immune response based on somatic recombination of immune receptors built from immunoglobulin superfamily domains	5/72	175/16584	9.76859605829429e-4	0.023129514538025833	0.020349859700385556	RT1-EC2/RT1-N2/RT1-CE4/Ccr2/Lilrb4	5
Tconv	GO:0001914	regulation of T cell mediated cytotoxicity	3/72	46/16584	0.0010418281764394514	0.023522163162230093	0.020695320665464163	RT1-EC2/RT1-N2/RT1-CE4	3
Tconv	GO:0019882	antigen processing and presentation	4/72	103/16584	0.001044276947463647	0.023522163162230093	0.020695320665464163	RT1-EC2/RT1-N2/Flt3/RT1-CE4	4
Tconv	GO:0002706	regulation of lymphocyte mediated immunity	5/72	178/16584	0.0010539301830769035	0.023522163162230093	0.020695320665464163	RT1-EC2/RT1-N2/RT1-CE4/Ccr2/Lilrb4	5
Tconv	GO:0002253	activation of immune response	6/72	267/16584	0.0010575359459858216	0.023522163162230093	0.020695320665464163	Cr2/C2/Cfb/Aim2/Phb/Lilrb4	6
Tconv	GO:0001961	positive regulation of cytokine-mediated signaling pathway	3/72	47/16584	0.001109413201548908	0.024307739998116373	0.021386488582883115	Irf7/Hspa1a/Mmp12	3
Tconv	GO:0006957	complement activation, alternative pathway	2/72	12/16584	0.0011927785793856749	0.025749984625561335	0.022655407382449276	Cr2/Cfb	2
Tconv	GO:0002440	production of molecular mediator of immune response	5/72	184/16584	0.0012215218255197562	0.025988319418304377	0.022865099617280563	Ddx58/Ccr2/Mzb1/Lilrb4/RGD1563231	5
Tconv	GO:0060340	positive regulation of type I interferon-mediated signaling pathway	2/72	13/16584	0.0014056924977584471	0.029479379810134293	0.025936611951122023	Irf7/Mmp12	2
Tconv	GO:0032608	interferon-beta production	3/72	52/16584	0.0014887862316567107	0.029764526242794076	0.026187490104623786	Irf7/Ddx58/Ifih1	3
Tconv	GO:0032648	regulation of interferon-beta production	3/72	52/16584	0.0014887862316567107	0.029764526242794076	0.026187490104623786	Irf7/Ddx58/Ifih1	3
Tconv	GO:0043331	response to dsRNA	3/72	52/16584	0.0014887862316567107	0.029764526242794076	0.026187490104623786	Eif2ak2/Ddx58/Ifih1	3
Tconv	GO:0032609	interferon-gamma production	4/72	114/16584	0.001520667212676809	0.029764526242794076	0.026187490104623786	Isg15/Flt3/Ccr2/Lilrb4	4
Tconv	GO:0032649	regulation of interferon-gamma production	4/72	114/16584	0.001520667212676809	0.029764526242794076	0.026187490104623786	Isg15/Flt3/Ccr2/Lilrb4	4
Tconv	GO:0035457	cellular response to interferon-alpha	2/72	14/16584	0.0016353748915583551	0.03148841580369907	0.027704206361063216	Ifit3/Ifit2	2
Tconv	GO:0002824	positive regulation of adaptive immune response based on somatic recombination of immune receptors built from immunoglobulin superfamily domains	4/72	117/16584	0.0016730902130030843	0.03148841580369907	0.027704206361063216	RT1-EC2/RT1-N2/RT1-CE4/Ccr2	4
Tconv	GO:0038061	NIK/NF-kappaB signaling	4/72	117/16584	0.0016730902130030843	0.03148841580369907	0.027704206361063216	Eif2ak2/Ptp4a3/Phb/Edaradd	4
Tconv	GO:0034638	phosphatidylcholine catabolic process	2/72	15/16584	0.0018816802300652864	0.034297467108117735	0.030175671978818628	Apoc1/Ldlr	2
Tconv	GO:0044546	NLRP3 inflammasome complex assembly	2/72	15/16584	0.0018816802300652864	0.034297467108117735	0.030175671978818628	Eif2ak2/Aim2	2
Tconv	GO:0002821	positive regulation of adaptive immune response	4/72	121/16584	0.0018924351742217551	0.034297467108117735	0.030175671978818628	RT1-EC2/RT1-N2/RT1-CE4/Ccr2	4
Tconv	GO:0001913	T cell mediated cytotoxicity	3/72	57/16584	0.0019408137283351064	0.03449334528307961	0.030348009940010533	RT1-EC2/RT1-N2/RT1-CE4	3
Tconv	GO:0016064	immunoglobulin mediated immune response	4/72	122/16584	0.0019502368245882886	0.03449334528307961	0.030348009940010533	Irf7/Cr2/C2/Cfb	4
Tconv	GO:0071360	cellular response to exogenous dsRNA	2/72	16/16584	0.0021444638996564666	0.03747705957971063	0.03297314793080807	Ddx58/Ifih1	2
Tconv	GO:0019724	B cell mediated immunity	4/72	126/16584	0.002193697980269274	0.03788645452982699	0.033333342684710825	Irf7/Cr2/C2/Cfb	4
Tconv	GO:0048002	antigen processing and presentation of peptide antigen	3/72	60/16584	0.0022488164033133916	0.03838677302400068	0.0337735339885622	RT1-EC2/RT1-N2/RT1-CE4	3
Tconv	GO:1903900	regulation of viral life cycle	4/72	129/16584	0.0023895252490476293	0.0403198053517462	0.0354742586882207	Eif2ak2/Oas2/Isg15/Oas3	4
Tconv	GO:0002711	positive regulation of T cell mediated immunity	3/72	62/16584	0.0024700533005596868	0.0412049800593366	0.03625305502137244	RT1-EC2/RT1-N2/RT1-CE4	3
Tconv	GO:0050688	regulation of defense response to virus	3/72	63/16584	0.0025855406879665885	0.04264689584196575	0.03752168449597876	Aim2/Ddx58/Mmp12	3
Tconv	GO:0006909	phagocytosis	5/72	219/16584	0.002618948468105769	0.04271795945754742	0.03758420784053542	Ldlr/C2/Timd4/Ccr2/Mfge8	5
Tconv	GO:0019058	viral life cycle	5/72	224/16584	0.0028864009824163903	0.046563040024035836	0.04096719497310481	Eif2ak2/Oas2/Isg15/Oas3/Phb	5
TfH	GO:0051607	defense response to virus	14/80	215/16585	1.756995801524381e-12	1.2843639309143225e-9	1.171638779227048e-9	Eif2ak2/Oas1b/Ifit1/Ifi27/Dhx58/Oas1a/Mx2/Oasl2/Rsad2/Ifit3/Oasl/Isg15/Aim2/Ddx58	14
TfH	GO:0140546	defense response to symbiont	14/80	215/16585	1.756995801524381e-12	1.2843639309143225e-9	1.171638779227048e-9	Eif2ak2/Oas1b/Ifit1/Ifi27/Dhx58/Oas1a/Mx2/Oasl2/Rsad2/Ifit3/Oasl/Isg15/Aim2/Ddx58	14
TfH	GO:0045071	negative regulation of viral genome replication	8/80	42/16585	2.1164636211724405e-11	1.0314232713847027e-8	9.40898037903678e-9	Eif2ak2/Oas1b/Oas1a/Mx2/Oasl2/Rsad2/Oasl/Isg15	8
TfH	GO:0009615	response to virus	14/80	292/16585	1.072983444293598e-10	3.921754488893101e-8	3.5775526945262865e-8	Eif2ak2/Oas1b/Ifit1/Ifi27/Dhx58/Oas1a/Mx2/Oasl2/Rsad2/Ifit3/Oasl/Isg15/Aim2/Ddx58	14
TfH	GO:0048525	negative regulation of viral process	9/80	84/16585	2.447371557381041e-10	7.156114433782163e-8	6.528041606740589e-8	Eif2ak2/Oas1b/Oas1a/Mx2/Oasl2/Rsad2/Oasl/Isg15/Fbln1	9
TfH	GO:0045069	regulation of viral genome replication	8/80	69/16585	1.3506107751112485e-9	2.9663597585704885e-7	2.7060103780753183e-7	Eif2ak2/Oas1b/Oas1a/Mx2/Oasl2/Rsad2/Oasl/Isg15	8
TfH	GO:0019079	viral genome replication	9/80	102/16585	1.4202816901500287e-9	2.9663597585704885e-7	2.7060103780753183e-7	Eif2ak2/Oas1b/Ifi27/Oas1a/Mx2/Oasl2/Rsad2/Oasl/Isg15	9
TfH	GO:0050792	regulation of viral process	10/80	153/16585	3.1460373172534213e-9	5.749383197280627e-7	5.244775369684322e-7	Eif2ak2/Oas1b/Oas1a/Mx2/Oasl2/RT1-Db1/Rsad2/Oasl/Isg15/Fbln1	10
TfH	GO:0043903	regulation of biological process involved in symbiotic interaction	10/80	166/16585	6.9272781498248006e-9	1.1252978505604288e-6	1.0265334989272542e-6	Eif2ak2/Oas1b/Oas1a/Mx2/Oasl2/RT1-Db1/Rsad2/Oasl/Isg15/Fbln1	10
TfH	GO:1903900	regulation of viral life cycle	9/80	133/16585	1.4967232212856837e-8	2.1882093495196695e-6	1.9961561277568017e-6	Eif2ak2/Oas1b/Oas1a/Mx2/Oasl2/RT1-Db1/Rsad2/Oasl/Isg15	9
TfH	GO:0002705	positive regulation of leukocyte mediated immunity	9/80	145/16585	3.182500768090787e-8	4.229832839044301e-6	3.858591840355051e-6	RT1-N2/RT1-EC2/RT1-Db1/Klrk1/Rsad2/Cd226/Raet1l/Rrlt/Ddx58	9
TfH	GO:0001912	positive regulation of leukocyte mediated cytotoxicity	7/80	72/16585	5.32402403799984e-8	6.486435952963138e-6	5.917138996619121e-6	RT1-N2/RT1-EC2/RT1-Db1/Klrk1/Cd226/Raet1l/Rrlt	7
TfH	GO:0002708	positive regulation of lymphocyte mediated immunity	8/80	124/16585	1.4373594900263238e-7	1.4273335226018965e-5	1.3020603161758246e-5	RT1-N2/RT1-EC2/RT1-Db1/Klrk1/Rsad2/Cd226/Raet1l/Rrlt	8
TfH	GO:0031343	positive regulation of cell killing	7/80	83/16585	1.4382156498430118e-7	1.4273335226018965e-5	1.3020603161758246e-5	RT1-N2/RT1-EC2/RT1-Db1/Klrk1/Cd226/Raet1l/Rrlt	7
TfH	GO:0019058	viral life cycle	10/80	229/16585	1.464432478729716e-7	1.4273335226018965e-5	1.3020603161758246e-5	Eif2ak2/Oas1b/Ifi27/Oas1a/Mx2/Oasl2/RT1-Db1/Rsad2/Oasl/Isg15	10
TfH	GO:0002699	positive regulation of immune effector process	10/80	246/16585	2.845720931071004e-7	2.487354304503516e-5	2.2690459383727802e-5	Dhx58/RT1-N2/RT1-EC2/RT1-Db1/Klrk1/Rsad2/Cd226/Raet1l/Rrlt/Ddx58	10
TfH	GO:0016032	viral process	11/80	312/16585	2.8922724470971113e-7	2.487354304503516e-5	2.2690459383727802e-5	Eif2ak2/Oas1b/Ifi27/Oas1a/Mx2/Oasl2/RT1-Db1/Rsad2/Oasl/Isg15/Fbln1	11
TfH	GO:0001910	regulation of leukocyte mediated cytotoxicity	7/80	96/16585	3.926852044040461e-7	3.189476493548419e-5	2.9095447601165295e-5	RT1-N2/RT1-EC2/RT1-Db1/Klrk1/Cd226/Raet1l/Rrlt	7
TfH	GO:0002697	regulation of immune effector process	12/80	399/16585	4.390614512528739e-7	3.378462324903693e-5	3.081943815719619e-5	Dhx58/RT1-N2/RT1-EC2/RT1-Db1/Klrk1/Rsad2/Aim2/Cd226/Raet1l/Rrlt/Ddx58/Zpbp2	12
TfH	GO:0060700	regulation of ribonuclease activity	4/80	14/16585	4.842671048073715e-7	3.5399925361418857e-5	3.2292969567944196e-5	Oas1b/Oas1a/Oasl2/Oasl	4
TfH	GO:0002449	lymphocyte mediated immunity	10/80	270/16585	6.689945675256725e-7	4.6574764653453964e-5	4.248702341127956e-5	RT1-N2/RT1-EC2/RT1-Db1/Klrk1/Rsad2/Fas/Igkc/Cd226/Raet1l/Rrlt	10
TfH	GO:0002836	positive regulation of response to tumor cell	4/80	16/16585	8.740472874698715e-7	5.5559005838302275e-5	5.068274202399668e-5	RT1-Db1/Klrk1/Cd226/Rrlt	4
TfH	GO:0002839	positive regulation of immune response to tumor cell	4/80	16/16585	8.740472874698715e-7	5.5559005838302275e-5	5.068274202399668e-5	RT1-Db1/Klrk1/Cd226/Rrlt	4
TfH	GO:0002443	leukocyte mediated immunity	11/80	370/16585	1.5519397062222347e-6	9.453899377070446e-5	8.62415617448935e-5	RT1-N2/RT1-EC2/RT1-Db1/Klrk1/Rsad2/Fas/Igkc/Cd226/Raet1l/Rrlt/Ddx58	11
TfH	GO:0031341	regulation of cell killing	7/80	119/16585	1.6888873529028938e-6	9.876613239776122e-5	9.009769583696703e-5	RT1-N2/RT1-EC2/RT1-Db1/Klrk1/Cd226/Raet1l/Rrlt	7
TfH	GO:0044403	biological process involved in symbiotic interaction	11/80	379/16585	1.9595894153721554e-6	1.1018922020284967e-4	1.0051821009216685e-4	Eif2ak2/Oas1b/Ifi27/Oas1a/Mx2/Oasl2/RT1-Db1/Rsad2/Oasl/Isg15/Fbln1	11
TfH	GO:0002706	regulation of lymphocyte mediated immunity	8/80	178/16585	2.2573843129713185e-6	1.2223318020607656e-4	1.1150510427035716e-4	RT1-N2/RT1-EC2/RT1-Db1/Klrk1/Rsad2/Cd226/Raet1l/Rrlt	8
TfH	GO:0001909	leukocyte mediated cytotoxicity	7/80	127/16585	2.612206133522437e-6	1.330907693673592e-4	1.2140975216966244e-4	RT1-N2/RT1-EC2/RT1-Db1/Klrk1/Cd226/Raet1l/Rrlt	7
TfH	GO:0002703	regulation of leukocyte mediated immunity	9/80	245/16585	2.693001828553401e-6	1.330907693673592e-4	1.2140975216966244e-4	RT1-N2/RT1-EC2/RT1-Db1/Klrk1/Rsad2/Cd226/Raet1l/Rrlt/Ddx58	9
TfH	GO:0002834	regulation of response to tumor cell	4/80	21/16585	2.8220340973927054e-6	1.330907693673592e-4	1.2140975216966244e-4	RT1-Db1/Klrk1/Cd226/Rrlt	4
TfH	GO:0002837	regulation of immune response to tumor cell	4/80	21/16585	2.8220340973927054e-6	1.330907693673592e-4	1.2140975216966244e-4	RT1-Db1/Klrk1/Cd226/Rrlt	4
TfH	GO:0002418	immune response to tumor cell	4/80	23/16585	4.144781797510647e-6	1.893647183737677e-4	1.7274468873177602e-4	RT1-Db1/Klrk1/Cd226/Rrlt	4
TfH	GO:0002833	positive regulation of response to biotic stimulus	7/80	143/16585	5.74448034442046e-6	2.544978867740216e-4	2.3216129494037395e-4	Dhx58/RT1-Db1/Klrk1/Aim2/Cd226/Raet1l/Rrlt	7
TfH	GO:0035455	response to interferon-alpha	4/80	26/16585	6.9211470471426605e-6	2.976093230271344e-4	2.714889569266177e-4	Eif2ak2/Ifit1/Oas1a/Ifit3	4
TfH	GO:0032069	regulation of nuclease activity	4/80	27/16585	8.095100971146737e-6	3.3814393199475796e-4	3.084659527952757e-4	Oas1b/Oas1a/Oasl2/Oasl	4
TfH	GO:0002347	response to tumor cell	4/80	29/16585	1.0875371254732572e-5	4.4166091040052837e-4	4.0289752572357225e-4	RT1-Db1/Klrk1/Cd226/Rrlt	4
TfH	GO:0002423	natural killer cell mediated immune response to tumor cell	3/80	10/16585	1.265682824410074e-5	4.8695481297040215e-4	4.4421610485528086e-4	Klrk1/Cd226/Rrlt	3
TfH	GO:0002855	regulation of natural killer cell mediated immune response to tumor cell	3/80	10/16585	1.265682824410074e-5	4.8695481297040215e-4	4.4421610485528086e-4	Klrk1/Cd226/Rrlt	3
TfH	GO:0045954	positive regulation of natural killer cell mediated cytotoxicity	4/80	31/16585	1.4302358303014018e-5	5.361550727950383e-4	4.890981908210192e-4	Klrk1/Cd226/Raet1l/Rrlt	4
TfH	GO:0002717	positive regulation of natural killer cell mediated immunity	4/80	32/16585	1.628578588347817e-5	5.952454740411271e-4	5.430023872201802e-4	Klrk1/Cd226/Raet1l/Rrlt	4
TfH	GO:0002831	regulation of response to biotic stimulus	8/80	278/16585	5.750674632770205e-5	0.002013515155171018	0.0018367943707982433	Dhx58/RT1-Db1/Klrk1/Aim2/Cd226/Raet1l/Rrlt/Ddx58	8
TfH	GO:0035457	cellular response to interferon-alpha	3/80	16/16585	5.784380062734798e-5	0.002013515155171018	0.0018367943707982433	Ifit1/Oas1a/Ifit3	3
TfH	GO:0001906	cell killing	7/80	211/16585	7.066501341184302e-5	0.0024026104560026626	0.0021917398284652416	RT1-N2/RT1-EC2/RT1-Db1/Klrk1/Cd226/Raet1l/Rrlt	7
TfH	GO:0042269	regulation of natural killer cell mediated cytotoxicity	4/80	48/16585	8.311064752724582e-5	0.0027615401519280316	0.002519167234856949	Klrk1/Cd226/Raet1l/Rrlt	4
TfH	GO:0002715	regulation of natural killer cell mediated immunity	4/80	50/16585	9.765100660492353e-5	0.0031475257312872256	0.0028712759029022356	Klrk1/Cd226/Raet1l/Rrlt	4
TfH	GO:0050778	positive regulation of immune response	10/80	479/16585	9.90329573455625e-5	0.0031475257312872256	0.0028712759029022356	RT1-N2/RT1-EC2/RT1-Db1/Klrk1/Rsad2/Igkc/Aim2/Cd226/Raet1l/Rrlt	10
TfH	GO:0045089	positive regulation of innate immune response	5/80	104/16585	1.4571637109787858e-4	0.004532709245640393	0.004134885603158168	Klrk1/Aim2/Cd226/Raet1l/Rrlt	5
TfH	GO:0045088	regulation of innate immune response	6/80	171/16585	1.7597048210184468e-4	0.005359767600685352	0.004889355281206958	Dhx58/Klrk1/Aim2/Cd226/Raet1l/Rrlt	6
TfH	GO:0002711	positive regulation of T cell mediated immunity	4/80	62/16585	2.263899384145611e-4	0.006619641799241766	0.0060386537257105044	RT1-N2/RT1-EC2/RT1-Db1/Rsad2	4
TfH	GO:0042267	natural killer cell mediated cytotoxicity	4/80	62/16585	2.263899384145611e-4	0.006619641799241766	0.0060386537257105044	Klrk1/Cd226/Raet1l/Rrlt	4
TfH	GO:0002824	positive regulation of adaptive immune response based on somatic recombination of immune receptors built from immunoglobulin superfamily domains	5/80	117/16585	2.5284702343009006e-4	0.007196937117536318	0.006565281393850181	RT1-N2/RT1-EC2/RT1-Db1/Rsad2/Cd226	5
TfH	GO:0002228	natural killer cell mediated immunity	4/80	64/16585	2.559786115676392e-4	0.007196937117536318	0.006565281393850181	Klrk1/Cd226/Raet1l/Rrlt	4
TfH	GO:0002821	positive regulation of adaptive immune response	5/80	121/16585	2.955290427829208e-4	0.008152140765068495	0.007436649398330899	RT1-N2/RT1-EC2/RT1-Db1/Rsad2/Cd226	5
TfH	GO:0002250	adaptive immune response	8/80	366/16585	3.785313440143432e-4	0.010248385647203144	0.009348912531504343	RT1-N2/RT1-EC2/RT1-Db1/Klrk1/Rsad2/Fas/Igkc/Cd226	8
TfH	GO:0002460	adaptive immune response based on somatic recombination of immune receptors built from immunoglobulin superfamily domains	7/80	283/16585	4.291831946233934e-4	0.01140846964617093	0.010407179092590228	RT1-N2/RT1-EC2/RT1-Db1/Rsad2/Fas/Igkc/Cd226	7
TfH	GO:0035458	cellular response to interferon-beta	3/80	31/16585	4.4071352930305394e-4	0.011505771068590444	0.010495940632085893	Ifit1/Ifit3/Aim2	3
TfH	GO:0002483	antigen processing and presentation of endogenous peptide antigen	3/80	32/16585	4.846198475878377e-4	0.012430073985498573	0.011339119979571384	RT1-N2/RT1-EC2/RT1-Db1	3
TfH	GO:0019883	antigen processing and presentation of endogenous antigen	3/80	34/16585	5.806275560339643e-4	0.014635818740028549	0.013351272477223827	RT1-N2/RT1-EC2/RT1-Db1	3
TfH	GO:0001916	positive regulation of T cell mediated cytotoxicity	3/80	38/16585	8.072707220402462e-4	0.020003894841065083	0.018248207044156865	RT1-N2/RT1-EC2/RT1-Db1	3
TfH	GO:0033363	secretory granule organization	3/80	39/16585	8.715176395385492e-4	0.021235979816755984	0.019372155250795473	Chn2/Abca1/Zpbp2	3
TfH	GO:0002709	regulation of T cell mediated immunity	4/80	89/16585	8.980067025473606e-4	0.021522718018430184	0.01963372721531503	RT1-N2/RT1-EC2/RT1-Db1/Rsad2	4
TfH	GO:0035456	response to interferon-beta	3/80	40/16585	9.389222166011895e-4	0.022140391623724824	0.020197189277312518	Ifit1/Ifit3/Aim2	3
TfH	GO:0001819	positive regulation of cytokine production	8/80	434/16585	0.0011516780404898469	0.026726242780891366	0.024380552670018988	Eif2ak2/Dhx58/Klrk1/Rsad2/Tnfrsf8/Aim2/Cd226/Ddx58	8
TfH	GO:0001914	regulation of T cell mediated cytotoxicity	3/80	46/16585	0.0014129331407228781	0.031780126949797656	0.028990871081714765	RT1-N2/RT1-EC2/RT1-Db1	3
TfH	GO:0034340	response to type I interferon	3/80	46/16585	0.0014129331407228781	0.031780126949797656	0.028990871081714765	Ifi27/Mx2/Isg15	3
TfH	GO:0015671	oxygen transport	2/80	12/16585	0.0014697313228043108	0.0325567756657561	0.02969935543848584	LOC100134871/Hbb	2
TfH	GO:0002822	regulation of adaptive immune response based on somatic recombination of immune receptors built from immunoglobulin superfamily domains	5/80	175/16585	0.0015682637069361228	0.03422091850060614	0.031217440953465323	RT1-N2/RT1-EC2/RT1-Db1/Rsad2/Cd226	5
TfH	GO:0010998	regulation of translational initiation by eIF2 alpha phosphorylation	2/80	13/16585	0.0017315275940483544	0.03722784327203962	0.03396045606283692	Eif2ak2/Hbb	2
TfH	GO:0002819	regulation of adaptive immune response	5/80	188/16585	0.002146294260553637	0.04547655375260025	0.04148519951367595	RT1-N2/RT1-EC2/RT1-Db1/Rsad2/Cd226	5
TfH	GO:0032609	interferon-gamma production	4/80	114/16585	0.002241080877437679	0.046147327363575866	0.04209710113733935	RT1-Db1/Klrk1/Isg15/Cd226	4
TfH	GO:0032649	regulation of interferon-gamma production	4/80	114/16585	0.002241080877437679	0.046147327363575866	0.04209710113733935	RT1-Db1/Klrk1/Isg15/Cd226	4
TfH	GO:0044546	NLRP3 inflammasome complex assembly	2/80	15/16585	0.0023163658488996285	0.047035095431823014	0.04290695220110862	Eif2ak2/Aim2	2
TfH	GO:0009636	response to toxic substance	6/80	281/16585	0.002361628895098787	0.04716683006473753	0.04302712484125743	Eif2ak2/Abcb1a/Fas/LOC100134871/Alas1/Hbb	6
TfH	GO:0002456	T cell mediated immunity	4/80	116/16585	0.002387377171539382	0.04716683006473753	0.04302712484125743	RT1-N2/RT1-EC2/RT1-Db1/Rsad2	4
TfH	GO:0001913	T cell mediated cytotoxicity	3/80	57/16585	0.0026218629149648413	0.0494645555535034	0.04512318517264657	RT1-N2/RT1-EC2/RT1-Db1	3
TfH	GO:0002720	positive regulation of cytokine production involved in immune response	3/80	57/16585	0.0026218629149648413	0.0494645555535034	0.04512318517264657	Rsad2/Cd226/Ddx58	3
TfH	GO:0032025	response to cobalt ion	2/80	16/16585	0.002639011855795667	0.0494645555535034	0.04512318517264657	Fas/Alas1	2
TfH	GO:0043558	regulation of translational initiation in response to stress	2/80	16/16585	0.002639011855795667	0.0494645555535034	0.04512318517264657	Eif2ak2/Hbb	2
Treg	GO:0051607	defense response to virus	19/77	216/16588	1.7710148163538688e-19	1.2698176233257238e-16	1.1231962387928482e-16	Rtp4/Dhx58/Ifi44l/Ifi27/Oas1b/Mx1/Ifit1/Eif2ak2/Mx2/Ifih1/Oas1k/Il23r/Isg15/Irf7/Ifit2/Ifit3/Prf1/Oasl/Tlr7	19
Treg	GO:0140546	defense response to symbiont	19/77	216/16588	1.7710148163538688e-19	1.2698176233257238e-16	1.1231962387928482e-16	Rtp4/Dhx58/Ifi44l/Ifi27/Oas1b/Mx1/Ifit1/Eif2ak2/Mx2/Ifih1/Oas1k/Il23r/Isg15/Irf7/Ifit2/Ifit3/Prf1/Oasl/Tlr7	19
Treg	GO:0009615	response to virus	19/77	293/16588	5.578351355413234e-17	2.6664519478875262e-14	2.3585660993940168e-14	Rtp4/Dhx58/Ifi44l/Ifi27/Oas1b/Mx1/Ifit1/Eif2ak2/Mx2/Ifih1/Oas1k/Il23r/Isg15/Irf7/Ifit2/Ifit3/Prf1/Oasl/Tlr7	19
Treg	GO:0031497	chromatin assembly	8/77	118/16588	7.212821578394381e-8	2.5857965358543856e-5	2.287223684727692e-5	Znfx1/LOC690126/Cdkn2a/Hist1h2bl/Hist1h3b/Hist1h2bo/Hist2h2be/Hist2h3c2	8
Treg	GO:0006333	chromatin assembly or disassembly	8/77	136/16588	2.1705678727103215e-7	6.225188658933202e-5	5.506387971823026e-5	Znfx1/LOC690126/Cdkn2a/Hist1h2bl/Hist1h3b/Hist1h2bo/Hist2h2be/Hist2h3c2	8
Treg	GO:0006323	DNA packaging	8/77	160/16588	7.524035814927094e-7	1.7982445597675755e-4	1.590607571401254e-4	Znfx1/LOC690126/Cdkn2a/Hist1h2bl/Hist1h3b/Hist1h2bo/Hist2h2be/Hist2h3c2	8
Treg	GO:0006334	nucleosome assembly	6/77	72/16588	1.0054662406990661e-6	2.0597694130892297e-4	1.821935067732894e-4	LOC690126/Hist1h2bl/Hist1h3b/Hist1h2bo/Hist2h2be/Hist2h3c2	6
Treg	GO:0045071	negative regulation of viral genome replication	5/77	41/16588	1.2425278825634392e-6	2.2272312294949648e-4	1.9700606559065056e-4	Oas1b/Eif2ak2/Mx2/Isg15/Oasl	5
Treg	GO:0071103	DNA conformation change	9/77	245/16588	1.943989238090305e-6	3.0974228526905523e-4	2.739774306314406e-4	Znfx1/LOC690126/Helz2/Cdkn2a/Hist1h2bl/Hist1h3b/Hist1h2bo/Hist2h2be/Hist2h3c2	9
Treg	GO:0035455	response to interferon-alpha	4/77	25/16588	5.041122889516034e-6	7.228970223565993e-4	6.394266401965075e-4	Ifit1/Eif2ak2/Ifit2/Ifit3	4
Treg	GO:0019079	viral genome replication	6/77	101/16588	7.3326842140021225e-6	9.559153784435495e-4	8.455391844854122e-4	Ifi27/Oas1b/Eif2ak2/Mx2/Isg15/Oasl	6
Treg	GO:0034728	nucleosome organization	6/77	106/16588	9.69084774320543e-6	0.001158056305313049	0.0010243396079440826	LOC690126/Hist1h2bl/Hist1h3b/Hist1h2bo/Hist2h2be/Hist2h3c2	6
Treg	GO:0045069	regulation of viral genome replication	5/77	68/16588	1.567630903741222e-5	0.0017292174738191635	0.0015295508008163342	Oas1b/Eif2ak2/Mx2/Isg15/Oasl	5
Treg	GO:0032728	positive regulation of interferon-beta production	4/77	35/16588	2.0144410062591558e-5	0.0020633631449825923	0.0018251138440167542	Dhx58/Ifih1/Irf7/Tlr7	4
Treg	GO:0048525	negative regulation of viral process	5/77	83/16588	4.136146536835056e-5	0.003767475875804933	0.0033324586584048627	Oas1b/Eif2ak2/Mx2/Isg15/Oasl	5
Treg	GO:0035457	cellular response to interferon-alpha	3/77	15/16588	4.2035993035480424e-5	0.003767475875804933	0.0033324586584048627	Ifit1/Ifit2/Ifit3	3
Treg	GO:0034340	response to type I interferon	4/77	46/16588	6.0400858222898175e-5	0.004921856127953458	0.0043535466741421985	Ifi27/Mx2/Isg15/Irf7	4
Treg	GO:0065004	protein-DNA complex assembly	6/77	147/16588	6.178062085297227e-5	0.004921856127953458	0.0043535466741421985	LOC690126/Hist1h2bl/Hist1h3b/Hist1h2bo/Hist2h2be/Hist2h3c2	6
Treg	GO:0019058	viral life cycle	7/77	228/16588	8.982160823001905e-5	0.00677916769483407	0.005996400992641162	Ifi27/Oas1b/Eif2ak2/Mx2/Isg15/Timd2/Oasl	7
Treg	GO:0032481	positive regulation of type I interferon production	4/77	52/16588	9.811603433872177e-5	0.006893211364624409	0.006097276440117752	Dhx58/Ifih1/Irf7/Tlr7	4
Treg	GO:0032608	interferon-beta production	4/77	53/16588	1.0575359136801742e-4	0.006893211364624409	0.006097276440117752	Dhx58/Ifih1/Irf7/Tlr7	4
Treg	GO:0032648	regulation of interferon-beta production	4/77	53/16588	1.0575359136801742e-4	0.006893211364624409	0.006097276440117752	Dhx58/Ifih1/Irf7/Tlr7	4
Treg	GO:0032727	positive regulation of interferon-alpha production	3/77	23/16588	1.5929951570975475e-4	0.009931978501208187	0.008785167800011645	Ifih1/Irf7/Tlr7	3
Treg	GO:0071824	protein-DNA complex subunit organization	6/77	183/16588	2.0575912693586302e-4	0.012294107834417815	0.010874550349022585	LOC690126/Hist1h2bl/Hist1h3b/Hist1h2bo/Hist2h2be/Hist2h3c2	6
Treg	GO:0032069	regulation of nuclease activity	3/77	26/16588	2.315358800990596e-4	0.013280898082482059	0.011747399390289128	Oas1b/Gzma/Oasl	3
Treg	GO:0032607	interferon-alpha production	3/77	27/16588	2.59609772040326e-4	0.01378816344836398	0.012196092604623501	Ifih1/Irf7/Tlr7	3
Treg	GO:0032647	regulation of interferon-alpha production	3/77	27/16588	2.59609772040326e-4	0.01378816344836398	0.012196092604623501	Ifih1/Irf7/Tlr7	3
Treg	GO:0002250	adaptive immune response	8/77	366/16588	2.9061212408439016e-4	0.01488349235489341	0.013164947726379328	RT1-N2/RT1-Ba/Il23r/Irf7/RT1-EC2/Prf1/Fas/Lag3	8
Treg	GO:1903900	regulation of viral life cycle	5/77	132/16588	3.6932279442076864e-4	0.018262375420668355	0.016153683022759574	Oas1b/Eif2ak2/Mx2/Isg15/Oasl	5
Treg	GO:0035458	cellular response to interferon-beta	3/77	32/16588	4.3294413425237543e-4	0.020412746995834462	0.01805575873888316	LOC102556096/Ifit1/Ifit3	3
Treg	GO:0001906	cell killing	6/77	211/16588	4.4127974677187474e-4	0.020412746995834462	0.01805575873888316	RT1-N2/RT1-EC2/Ccl20/Prf1/Lag3/Hist2h2be	6
Treg	GO:0032479	regulation of type I interferon production	4/77	79/16588	4.95356144250992e-4	0.021525476086543104	0.01904000490661708	Dhx58/Ifih1/Irf7/Tlr7	4
Treg	GO:0032606	type I interferon production	4/77	79/16588	4.95356144250992e-4	0.021525476086543104	0.01904000490661708	Dhx58/Ifih1/Irf7/Tlr7	4
Treg	GO:0016032	viral process	7/77	311/16588	5.957198491324769e-4	0.024477077829316626	0.021650795554816513	Ifi27/Oas1b/Eif2ak2/Mx2/Isg15/Timd2/Oasl	7
Treg	GO:0031343	positive regulation of cell killing	4/77	83/16588	5.9741821759141e-4	0.024477077829316626	0.021650795554816513	RT1-N2/RT1-EC2/Prf1/Lag3	4
Treg	GO:0002221	pattern recognition receptor signaling pathway	5/77	148/16588	6.230071501687808e-4	0.024816451481723102	0.021950982922613476	Dhx58/Ifih1/Irf7/Tlr7/Prkce	5
Treg	GO:0097549	chromatin organization involved in negative regulation of transcription	4/77	86/16588	6.831687500335447e-4	0.02647740506886765	0.023420152028176995	Znfx1/Cdkn2a/Hist1h2ah/Hist1h2ak	4
Treg	GO:0050792	regulation of viral process	5/77	152/16588	7.029878134960741e-4	0.02652854011982553	0.02346538269425954	Oas1b/Eif2ak2/Mx2/Isg15/Oasl	5
Treg	GO:0035456	response to interferon-beta	3/77	41/16588	9.029904195911993e-4	0.03172681195926785	0.02806342832776757	LOC102556096/Ifit1/Ifit3	3
Treg	GO:0071357	cellular response to type I interferon	3/77	41/16588	9.029904195911993e-4	0.03172681195926785	0.02806342832776757	Ifi27/Mx2/Irf7	3
Treg	GO:0001819	positive regulation of cytokine production	8/77	435/16588	9.071124758228606e-4	0.03172681195926785	0.02806342832776757	Dhx58/Eif2ak2/Ifih1/Il23r/Irf7/Ccl20/Eif2ak3/Tlr7	8
Treg	GO:0016185	synaptic vesicle budding from presynaptic endocytic zone membrane	2/77	10/16588	9.342812647383345e-4	0.03189903175320885	0.0282157625065086	Mx1/Mx2	2
Treg	GO:0043903	regulation of biological process involved in symbiotic interaction	5/77	165/16588	0.0010166409803331266	0.033843979763068466	0.029936134195476395	Oas1b/Eif2ak2/Mx2/Isg15/Oasl	5
Treg	GO:0000266	mitochondrial fission	3/77	43/16588	0.001038448472506982	0.033843979763068466	0.029936134195476395	Mx1/Mx2/Mcu	3
Treg	GO:0034401	chromatin organization involved in regulation of transcription	4/77	97/16588	0.001072622565344317	0.034180905748972236	0.030234156520231627	Znfx1/Cdkn2a/Hist1h2ah/Hist1h2ak	4
Treg	GO:0032610	interleukin-1 alpha production	2/77	11/16588	0.0011384661592026876	0.034735329197801146	0.030724562639176677	Ccl20/Il1r2	2
Treg	GO:0032650	regulation of interleukin-1 alpha production	2/77	11/16588	0.0011384661592026876	0.034735329197801146	0.030724562639176677	Ccl20/Il1r2	2
Treg	GO:0034198	cellular response to amino acid starvation	3/77	46/16588	0.001264652998580486	0.03778150833259202	0.03341901015985714	Eif2ak2/Eif2ak3/Fas	3
Treg	GO:0045619	regulation of lymphocyte differentiation	5/77	180/16588	0.001496130328583898	0.04378471206508795	0.03872904502564118	RT1-Ba/Cdkn2a/Fas/Lag3/Tcf7	5
Treg	GO:0002449	lymphocyte mediated immunity	6/77	270/16588	0.0015869480381320382	0.044257185103030776	0.0391469632600397	RT1-N2/Irf7/RT1-EC2/Prf1/Fas/Lag3	6
Treg	GO:0010998	regulation of translational initiation by eIF2 alpha phosphorylation	2/77	13/16588	0.0016048630581294283	0.044257185103030776	0.0391469632600397	Eif2ak2/Eif2ak3	2
Treg	GO:0060700	regulation of ribonuclease activity	2/77	13/16588	0.0016048630581294283	0.044257185103030776	0.0391469632600397	Oas1b/Oasl	2
Treg	GO:1990928	response to amino acid starvation	3/77	51/16588	0.001706337840156137	0.046167706844979256	0.04083688376143287	Eif2ak2/Eif2ak3/Fas	3
Treg	GO:0044403	biological process involved in symbiotic interaction	7/77	378/16588	0.001846148409107475	0.047801280013874244	0.04228183396955037	Ifi27/Oas1b/Eif2ak2/Mx2/Isg15/Timd2/Oasl	7
Treg	GO:0002756	MyD88-independent toll-like receptor signaling pathway	2/77	14/16588	0.0018667166532614766	0.047801280013874244	0.04228183396955037	Irf7/Prkce	2
Treg	GO:0070142	synaptic vesicle budding	2/77	14/16588	0.0018667166532614766	0.047801280013874244	0.04228183396955037	Mx1/Mx2	2
TfR	GO:0051607	defense response to virus	7/36	213/16586	3.176012998922721e-7	9.829760231665822e-5	7.823021492083334e-5	Rtp4/Isg15/Oas1b/Mx2/Ddx58/Oas2/Irf7	7
TfR	GO:0140546	defense response to symbiont	7/36	213/16586	3.176012998922721e-7	9.829760231665822e-5	7.823021492083334e-5	Rtp4/Isg15/Oas1b/Mx2/Ddx58/Oas2/Irf7	7
TfR	GO:0045071	negative regulation of viral genome replication	4/36	41/16586	1.7873688505311027e-6	3.235513703784171e-4	2.574985823265015e-4	Isg15/Oas1b/Mx2/Oas2	4
TfR	GO:0009615	response to virus	7/36	290/16586	2.5119385978275298e-6	3.235513703784171e-4	2.574985823265015e-4	Rtp4/Isg15/Oas1b/Mx2/Ddx58/Oas2/Irf7	7
TfR	GO:0034340	response to type I interferon	4/36	45/16586	2.613500568484791e-6	3.235513703784171e-4	2.574985823265015e-4	Isg15/Mx2/Oas2/Irf7	4
TfR	GO:0045069	regulation of viral genome replication	4/36	68/16586	1.378668151638639e-5	0.0014223259764405292	0.0011319591139769879	Isg15/Oas1b/Mx2/Oas2	4
TfR	GO:0048525	negative regulation of viral process	4/36	83/16586	3.039706554041593e-5	0.0026879690813596375	0.0021392220560773915	Isg15/Oas1b/Mx2/Oas2	4
TfR	GO:0019079	viral genome replication	4/36	100/16586	6.318387004965828e-5	0.00488885194509231	0.003890796208321063	Isg15/Oas1b/Mx2/Oas2	4
TfR	GO:0071357	cellular response to type I interferon	3/36	40/16586	8.779744156401354e-5	0.006038512925347153	0.004805754696135478	Mx2/Oas2/Irf7	3
TfR	GO:0002443	leukocyte mediated immunity	6/36	370/16586	1.3085796808079067e-4	0.008100108224200942	0.006446476743348425	RT1-EC2/RT1-N2/Igkc/Ddx58/Il18rap/Irf7	6
TfR	GO:1903900	regulation of viral life cycle	4/36	132/16586	1.8531814497546028e-4	0.010428357430891811	0.00829941548789621	Isg15/Oas1b/Mx2/Oas2	4
TfR	GO:0002705	positive regulation of leukocyte mediated immunity	4/36	145/16586	2.6557716753458594e-4	0.013082931336154563	0.010412059969935102	RT1-EC2/RT1-N2/Ddx58/Il18rap	4
TfR	GO:0002449	lymphocyte mediated immunity	5/36	270/16586	2.7476269365106514e-4	0.013082931336154563	0.010412059969935102	RT1-EC2/RT1-N2/Igkc/Il18rap/Irf7	5
TfR	GO:0050792	regulation of viral process	4/36	152/16586	3.178689805795646e-4	0.014054349927053606	0.011185164128664379	Isg15/Oas1b/Mx2/Oas2	4
TfR	GO:0060700	regulation of ribonuclease activity	2/36	13/16586	3.519477851477256e-4	0.01452371193376281	0.011558706206956884	Oas1b/Oas2	2
TfR	GO:0043903	regulation of biological process involved in symbiotic interaction	4/36	165/16586	4.3399030855203915e-4	0.016790000062107013	0.013362333184365416	Isg15/Oas1b/Mx2/Oas2	4
TfR	GO:0001912	positive regulation of leukocyte mediated cytotoxicity	3/36	72/16586	5.053157892279119e-4	0.01839943961953397	0.014643206771434228	RT1-EC2/RT1-N2/Il18rap	3
TfR	GO:0031343	positive regulation of cell killing	3/36	83/16586	7.658501847969897e-4	0.026336736910518698	0.020960110320759718	RT1-EC2/RT1-N2/Il18rap	3
TfR	GO:0002486	antigen processing and presentation of endogenous peptide antigen via MHC class I via ER pathway, TAP-independent	2/36	22/16586	0.0010295794010361401	0.03143827208340691	0.025020170623304874	RT1-EC2/RT1-N2	2
TfR	GO:0002476	antigen processing and presentation of endogenous peptide antigen via MHC class Ib	2/36	23/16586	0.0011260972582091318	0.03143827208340691	0.025020170623304874	RT1-EC2/RT1-N2	2
TfR	GO:0002484	antigen processing and presentation of endogenous peptide antigen via MHC class I via ER pathway	2/36	23/16586	0.0011260972582091318	0.03143827208340691	0.025020170623304874	RT1-EC2/RT1-N2	2
TfR	GO:0032727	positive regulation of interferon-alpha production	2/36	23/16586	0.0011260972582091318	0.03143827208340691	0.025020170623304874	Ddx58/Irf7	2
TfR	GO:0001910	regulation of leukocyte mediated cytotoxicity	3/36	96/16586	0.0011681425814513066	0.03143827208340691	0.025020170623304874	RT1-EC2/RT1-N2/Il18rap	3
TfR	GO:0002428	antigen processing and presentation of peptide antigen via MHC class Ib	2/36	24/16586	0.0012267951560643888	0.031641091733494026	0.025181584782374294	RT1-EC2/RT1-N2	2
TfR	GO:0019058	viral life cycle	4/36	227/16586	0.001427419176770072	0.03270172261238191	0.026025688602320782	Isg15/Oas1b/Mx2/Oas2	4
TfR	GO:0032069	regulation of nuclease activity	2/36	26/16586	0.0014406608026060834	0.03270172261238191	0.026025688602320782	Oas1b/Oas2	2
TfR	GO:0002475	antigen processing and presentation via MHC class Ib	2/36	27/16586	0.0015537935479627686	0.03270172261238191	0.026025688602320782	RT1-EC2/RT1-N2	2
TfR	GO:0032607	interferon-alpha production	2/36	27/16586	0.0015537935479627686	0.03270172261238191	0.026025688602320782	Ddx58/Irf7	2
TfR	GO:0032647	regulation of interferon-alpha production	2/36	27/16586	0.0015537935479627686	0.03270172261238191	0.026025688602320782	Ddx58/Irf7	2
TfR	GO:0002697	regulation of immune effector process	5/36	398/16586	0.0015848977033464577	0.03270172261238191	0.026025688602320782	RT1-EC2/RT1-N2/Ddx58/Apoa2/Il18rap	5
TfR	GO:0002699	positive regulation of immune effector process	4/36	245/16586	0.0018877172745783088	0.03597295163585549	0.028629098487510194	RT1-EC2/RT1-N2/Ddx58/Il18rap	4
TfR	GO:0002703	regulation of leukocyte mediated immunity	4/36	245/16586	0.0018877172745783088	0.03597295163585549	0.028629098487510194	RT1-EC2/RT1-N2/Ddx58/Il18rap	4
TfR	GO:0019885	antigen processing and presentation of endogenous peptide antigen via MHC class I	2/36	30/16586	0.0019177825589389841	0.03597295163585549	0.028629098487510194	RT1-EC2/RT1-N2	2
TfR	GO:0031341	regulation of cell killing	3/36	119/16586	0.002163479548462074	0.038568318914794265	0.030694623334960827	RT1-EC2/RT1-N2/Il18rap	3
TfR	GO:0002483	antigen processing and presentation of endogenous peptide antigen	2/36	32/16586	0.00218076116642617	0.038568318914794265	0.030694623334960827	RT1-EC2/RT1-N2	2
TfR	GO:0002708	positive regulation of lymphocyte mediated immunity	3/36	124/16586	0.00243221604072194	0.04006941183325448	0.03188926917432717	RT1-EC2/RT1-N2/Il18rap	3
TfR	GO:0019883	antigen processing and presentation of endogenous antigen	2/36	34/16586	0.0024598346521222457	0.04006941183325448	0.03188926917432717	RT1-EC2/RT1-N2	2
TfR	GO:0032728	positive regulation of interferon-beta production	2/36	34/16586	0.0024598346521222457	0.04006941183325448	0.03188926917432717	Ddx58/Irf7	2
TfR	GO:0001909	leukocyte mediated cytotoxicity	3/36	127/16586	0.0026029557477716377	0.04131357968899087	0.03287944102448384	RT1-EC2/RT1-N2/Il18rap	3
TfR	GO:0001916	positive regulation of T cell mediated cytotoxicity	2/36	38/16586	0.0030657204145410396	0.047442023415022586	0.03775676721066333	RT1-EC2/RT1-N2	2
TfR	GO:0002460	adaptive immune response based on somatic recombination of immune receptors built from immunoglobulin superfamily domains	4/36	283/16586	0.003180421174442482	0.047560402374212926	0.03785097918736783	RT1-EC2/RT1-N2/Igkc/Irf7	4
TfR	GO:0060337	type I interferon signaling pathway	2/36	39/16586	0.0032270386102050777	0.047560402374212926	0.03785097918736783	Oas2/Irf7	2
TfR	GO:0002474	antigen processing and presentation of peptide antigen via MHC class I	2/36	40/16586	0.00339226182960724	0.04883279238434608	0.038863611658658224	RT1-EC2/RT1-N2	2
TfR	GO:0050778	positive regulation of immune response	5/36	479/16586	0.003541754316559382	0.049826043680687666	0.03965409139114332	RT1-EC2/RT1-N2/Igkc/Il18rap/Irf7	5
